author,first 3-gram,second 3-gram,third 3-gram,fourth 3-gram,fifth 3-gram
dependabot[bot],https github com,github com rack,com rack rack,2 0 7,2 0 8
kevtan,https github com,github com wycats,com wycats handlebars,wycats handlebars js,from 4 1
benrr101,finally fixing that,fixing that broken,that broken test,broken test for,test for text
SoftMonster,remove spider keeper,spider keeper but,keeper but use,but use the,use the adventurer
katbyte,ensure acctest resource,acctest resource groups,resource groups follow,groups follow the,follow the format
1K2a3m4i,https mrucznik rp,mrucznik rp pl,dodanie do listy,do listy 2019,listy 2019 11
RohanBhirangi,1 3 1,1 3 2,https github com,github com jonschlinkert,com jonschlinkert mixin
Priest502,delete priest502 gitbrowser,priest502 gitbrowser installer,gitbrowser installer 1,installer 1 1,1 1 3
potiuk,airflow 6205 the,6205 the airflow,the airflow db,airflow db shell,db shell works
erfankashani,https github com,github com puma,com puma puma,puma from 3,from 3 12
macman88,reverted accidental changes,accidental changes to,changes to arch,to arch arm,arch arm src
kolkheang,kol kheang org,deploy kol kheang,kheang org to,org to github,to github com
fyu,move label2d drawables,label2d drawables to,drawables to session,to session 309,session 309 split
javapark1,changed header to,header to follow,to follow the,follow the naming,the naming conventions
nseidle,move redundant iom,redundant iom setup,iom setup to,setup to begin,to begin function
norhe,update map values,map values for,values for new,for new versions,new versions of
saket,document workaround for,workaround for running,for running of,running of tests,of tests from
CarlosCastillo10,comentando la linea,la linea 32,linea 32 de,32 de docs,de docs _build
skybrandevs,updated the yr,the yr from,yr from 2019,from 2019 to,2019 to 2020
intern0t,fetching parsing real,parsing real title,real title done,title done moving,done moving to
renovate[bot],update storybook monorepo,storybook monorepo to,monorepo to v5,to v5 2,v5 2 8
dzackgarza,class_notes 2019 analysis,2019 analysis review,analysis review quals,review quals solutions,quals solutions fall
gato333,fully php app,php app now,app now with,now with the,with the help
mferly,had to downgrade,to downgrade to,downgrade to node,to node v11,node v11 because
jakewitcher,fix type in,type in language,in language configuration,language configuration json,configuration json of
cockpituous,images update continuous,update continuous atomic,continuous atomic image,atomic image closes,image closes 381
McSonk,muestra el nombre,el nombre de,nombre de usuario,de usuario en,usuario en el
jdorigao,menu signed off,signed off by,off by juliano,by juliano dorigão,juliano dorigão jdorigao
5john,2020 01 01,01 01 00,01 00 41,00 41 23,41 23 zbn4pyuo
nukooo,use integer arithmetic,integer arithmetic for,arithmetic for timestamps,for timestamps fixes,timestamps fixes 1
pull[bot],migrate input_ tests,input_ tests from,tests from coroutine,from coroutine to,coroutine to async
JonoAugustine,add weebot to,weebot to portfolio,to portfolio and,portfolio and update,and update resume
oesteban,apply suggestions from,suggestions from code,from code review,code review co,review co authored
james-ben,json api takes,api takes multiple,takes multiple requests,multiple requests all,requests all at
yousefakbar,added mic mute,mic mute functionality,mute functionality light,functionality light shows,light shows on
Enmotus-Dave-Cohen,merge pull request,pull request 20,request 20 from,20 from david,from david cohen
Cobalte,hide block display,block display adjust,display adjust other,adjust other elements,other elements turn
brendanlensink,update posts top,posts top 10,top 10 albums,10 albums of,albums of 2010
MatissJanis,monthly price per,price per sqm,per sqm data,sqm data house,data house sell
MichaelSRomero,fixed authactions with,authactions with linter,with linter and,linter and added,and added spaced
tietzc,games engines devilutionx,engines devilutionx cmake,devilutionx cmake utils,cmake utils cmake,utils cmake eclass
sourceconnect-tests,e2e test 2020,test 2020 01,2020 01 01t00,01 01t00 40,01t00 40 54
MatthewTheGlutton,smg lib add,lib add new,add new features,new features in,features in random
mludkov,converted plt 2d,plt 2d surf,2d surf to,surf to ggplot,to ggplot raster
klawir,gui revision 1,revision 1 to,1 to main,to main scene,main scene was
PeterMitrano,buttons work weird,work weird ui,weird ui include,ui include setup,include setup though
aqi-moscun,update file at,file at 2020,at 2020 01,2020 01 01,01 01 00
wigforss,maven release plugin,release plugin prepare,plugin prepare release,prepare release java,release java 8
phiDelPark,버전업 3 9,3 9 1,9 1 2,1 2 poe,2 poe 3
tsao-chi,deploy 2020 01,2020 01 01t00,01 01t00 41,01t00 41 29,41 29 0000
davidwilemski,new style format,style format string,format string for,string for feed,for feed atom
deathbybandaid,update lists wed,lists wed jan,wed jan 1,jan 1 00,1 00 41
ke0m,scripts for creation,for creation and,creation and qc,and qc of,qc of prestack
vsoch,updating membership count,membership count data,count data to,data to be,to be consistent
mawork1,this is most,is most u,most u that,u that i,that i am
marcelstoer,prepare my build,my build config,build config for,config for custom,for custom build
yossy222vrc,update images at,images at 2020,at 2020 01,2020 01 01,01 01 09
qionghuang6,wow everything works,everything works im,works im so,im so proud,so proud of
metonym,chore storybook set,storybook set 9090,set 9090 as,9090 as default,as default storybook
toppk,clean up sqlite,up sqlite schema,sqlite schema add,schema add register,add register archive
comaniac,update include tvm,include tvm relay,tvm relay attrs,relay attrs annotation,attrs annotation h
jessemillar,conferting ints to,ints to strings,to strings properly,strings properly signed,properly signed off
jch1g10,add results for,results for commit,for commit d5fc15846ba477d0d90ec033dce5b8d4328634a1,commit d5fc15846ba477d0d90ec033dce5b8d4328634a1 run,d5fc15846ba477d0d90ec033dce5b8d4328634a1 run on
postgresql-cfbot,modernize python exception,python exception syntax,exception syntax in,syntax in documentation,in documentation change
bk3c,improve performance when,performance when exporting,when exporting strategic,exporting strategic choices,strategic choices 12
fhgwright,cppunit update to,update to 1,to 1 15,1 15 1,15 1 remove
andreyyec,pushpin pinning odoo,pinning odoo docker,odoo docker image,docker image to,image to a
despottt,put code that,code that worked,that worked where,worked where the,where the code
cgentemann,updated to include,to include aviso,include aviso instead,aviso instead of,instead of oscar
WillHoll,small change to,change to sweet,to sweet alert,sweet alert in,alert in header
y2j964,fix eslint react,eslint react version,react version not,version not specified,not specified warning
li-xie,modified to allow,to allow number,allow number of,number of test,of test newborns
darrensmith,updated package version,package version to,version to 0,to 0 1,0 1 1
dominikwilkowski,updated dependencies fixed,dependencies fixed nuke,fixed nuke script,nuke script signed,script signed off
maleksiuk,get to test,to test 17,test 17 by,17 by making,by making zeropage
docker-library-bot,run update sh,update sh arm32v5,sh arm32v5 https,arm32v5 https hub,https hub docker
johnleider,chore readme update,readme update information,update information for,information for root,for root and
ozqf,tagging cells that,cells that are,that are the,are the beginning,the beginning or
michelhe,wip optimize gba,optimize gba frame,gba frame profiling,frame profiling gba,profiling gba frame
jbielick,use correct gemfile,correct gemfile when,gemfile when running,when running pronto,running pronto during
TannerDolby,last commit before,commit before handling,before handling scanner,handling scanner error,scanner error thrown
malibuworkcrew,allow one to,one to increase,to increase the,increase the startup,the startup wait
PuckSnow,updated the rest,the rest of,rest of the,of the c,the c topics
topepo,move back to,back to using,to using proc,using proc roc,proc roc due
seandavi,nihdatasciencesig nihdatasciencesig github,nihdatasciencesig github io,deploy nihdatasciencesig nihdatasciencesig,github io to,io to github
Natshah,fix get file,get file from,file from url,from url issue,url issue for
NiclasOlofsson,return alternative root,alternative root tag,root tag not,tag not the,not the root
jonahjon,auto release 164382793440,release 164382793440 dkr,164382793440 dkr ecr,dkr ecr us,ecr us west
sijie,blog refine format,refine format issues,format issues for,issues for pulsar,for pulsar 2
bangqixu,conservative macro pa,macro pa initial,pa initial fix,initial fix for,fix for ext
ZoomQuiet,upgrade planet auto,planet auto by,auto by crontab,by crontab from,crontab from aoi
LogicalDash,add another test,another test for,test for compound,for compound historical,compound historical queries
Beakerboy,field is an,is an array,an array key,array key not,key not a
bkerler,port to gnuradio,to gnuradio 3,gnuradio 3 8,3 8 and,8 and python3
taylort7147,more changes to,changes to enable,to enable proper,enable proper message,proper message ordering
Myoldmopar,major change to,change to memory,to memory management,memory management as,management as well
bitnami-bot,9 6 16,6 16 debian,16 debian 9,debian 9 r39,9 r39 release
hankeliu2015,modify date output,date output format,output format for,format for mailer,for mailer method
DarienBrito,add files via,files via upload,via upload first,upload first official,first official release
cjxd-bot-test,publishing files for,files for path,for path jenkins,path jenkins x,jenkins x logs
albertium,update to use,to use send_json,use send_json 1,send_json 1 add,1 add utils
acat122,update readme md,readme md and,md and mention,and mention moon,mention moon tacos
inkaivasyuk,added new relic,new relic and,relic and setting,and setting up,setting up stress
Bankst,ci setup 2,setup 2 create,2 create gradle,create gradle yml,gradle yml run
tac0x2a,site updated at,updated at 2020,at 2020 01,2020 01 01,01 01 00
AndresFDaza,sencilla modificacion sonido,modificacion sonido en,sonido en el,en el piano,el piano fisicaoya
risicle,pythonpackages unicorn redesign,unicorn redesign to,redesign to become,to become a,become a wrapper
AndresRoblesMX,adding new methods,new methods for,methods for http,for http client,http client 60
jeffythedragonslayer,gave shrinktree delete,shrinktree delete verts,delete verts on,verts on l2,on l2 and
tjdwls3469,issue 82 10430번,82 10430번 나머지,10430번 나머지 10430번,나머지 10430번 나머지,10430번 나머지 풀이
Sheaven,ajout fonctions slots,fonctions slots integration,slots integration avec,integration avec le,avec le shop
skyblockz,bound price of,responsible user automated,user automated change,automated change changed,change changed the
madflojo,moving to afterfunc,to afterfunc which,afterfunc which should,which should be,should be more
BehnamEbrahimi,run tests once,tests once and,once and finish,and finish the,finish the process
jw3329,handled getting comments,getting comments the,comments the decending,the decending order,decending order of
anthonygedeon,deleted code and,code and now,and now i,now i am,i am going
tshirtman,remove references to,references to google,to google plus,google plus it,plus it is
Id405,made tabes take,tabes take up,take up multiple,up multiple spaces,multiple spaces defined
eileenmcnaughton,add test on,test on buildmembershiptypevalues,on buildmembershiptypevalues cleanup,buildmembershiptypevalues cleanup class,cleanup class i
mounaiban,disable html escape,html escape in,escape in editor,in editor in,editor in intro
RalfBarkow,plugin properties must,properties must be,must be located,be located in,located in src
hobbitsyfeet,ui to multitracker,added ui to,to multitracker added,multitracker added the,added the ui
rosspchapman,2020 update copyright,update copyright date,copyright date update,date update text,update text and
Viviaann,merge pull request,pull request 71,request 71 from,71 from viviaann,from viviaann master
grantmontgomery,target doesn t,doesn t take,t take in,take in add,in add or
Alex-Au1,update and rename,and rename change_profile,rename change_profile css,change_profile css to,css to change_profiles_styles
rogchap,remove window arrangements,window arrangements in,arrangements in iterm,in iterm and,iterm and set
sMash0,finish readme and,readme and mention,and mention god,mention god s,god s cellphone
burgerballer44,limits on when,on when follows,when follows and,follows and score,and score submissions
Pentarctagon,remove windowstimeout cpp,windowstimeout cpp and,cpp and related,and related this,related this is
captainsafia,update dependency react,dependency react syntax,react syntax highlighter,syntax highlighter to,highlighter to v12
joshith,enhancement to honor,to honor strategies,honor strategies to,strategies to provide,to provide stop_loss
Emiller88,fix node add,node add boot,add boot loader,boot loader for,loader for grub
gordon1258,added generic pid,generic pid controller,pid controller and,controller and its,and its unit
pablobonillaq,alerta de salida,de salida en,salida en front,en front end,front end alerta
shinchiro,shinchiro ascendance of,ascendance of a,of a bookworm,a bookworm 14,bookworm 14 gjm
perryiv,checking for fewer,for fewer than,fewer than 2,than 2 radial,2 radial points
bartlettOne,set default user,default user role,user role but,role but with,but with a
cpretzer,update to new,to new version,new version of,version of htmltest,of htmltest and
Cholive,changes to nav,to nav menu,nav menu on,menu on all,on all pages
keum,status for 12,for 12 31,12 31 2019,31 2019 04,2019 04 40
geoffrey4444,add quick start,quick start guide,start guide for,guide for vscode,for vscode docker
rodrigo-brito,fix doc ajustments,doc ajustments in,ajustments in doc,in doc and,doc and parameters
bartkoz,all tests pass,tests pass now,pass now added,now added missing,added missing tests
alice-wercker,canary commit at,commit at 2020,at 2020 01,2020 01 01,01 01 00
Dream-LC,site updated 2020,updated 2020 01,2020 01 01,01 01 08,01 08 43
yosifkit,add tls support,tls support in,support in 6,in 6 0,6 0 and
TylerSeiford,v0 0 2,0 2 still,2 still need,still need a,need a cap
hmajid2301,rotating_light removed tslint,removed tslint removed,tslint removed tslint,removed tslint replaced,tslint replaced it
derg4,added prototype create,prototype create run,create run lobby,run lobby functionality,lobby functionality still
IdrisQA,add test cases,test cases to,cases to get,to get todos,get todos id
nestedsoftware,use eval on,eval on the,on the correct,the correct version,correct version of
TobiasBriones,scripts that i,that i had,i had from,had from 2016,from 2016 added
workspacedg,added vets list,vets list and,list and update,and update controller,update controller closes
E-Alharbi,updated remove files,remove files to,files to publish,to publish in,publish in maven
devanshkaria88,added like and,like and unlike,and unlike functions,unlike functions for,functions for posts
dgrammatiko,11ty eleventy plugin,eleventy plugin syntaxhighlight,merge pull request,pull request 35,request 35 from
tkimia,fix issue where,issue where stops,where stops push,stops push things,push things off
sorawee,header line height,evil scroll up,scroll up and,up and evil,and evil scroll
xSkullxNinja,separating the shield,the shield from,shield from the,from the health,the health of
roblevintennis,stronger types for,types for checkboxinput,for checkboxinput also,checkboxinput also provides,also provides usage
enterstudio,https snyk io,snyk io vuln,io vuln npm,fix package json,package json yarn
netdatabot,package amd64 deb,amd64 deb build,deb build latest,build latest package,latest package build
gluxon,bump travis ci,travis ci rust,ci rust version,rust version to,version to 2019
sougou,tests fix panic,fix panic in,panic in vstreamer_test,in vstreamer_test fixes,vstreamer_test fixes 5636
ngonzo95,enabled the cors,the cors functionalitiy,cors functionalitiy and,functionalitiy and increased,and increased the
3141592654,split make code,make code prettier,code prettier in,prettier in general,in general into
tommy605,gas commit 12,commit 12 31,12 31 2019,31 2019 19,2019 19 44
jnm2,skip creation of,creation of netstandard,of netstandard items,netstandard items unless,items unless targeting
microcai,app misc nixnote,misc nixnote bump,nixnote bump new,bump new version,new version 2
deniseschannon,user is added,is added to,clusterrolebindings are created,project name namespaces,if there is
jpickell,initial commit for,commit for zshrc,for zshrc and,zshrc and jkp,and jkp zsh
MrSloth13,okay so there,so there was,there was some,was some similarities,some similarities but
dani0001414,01 january 2020,january 2020 01,2020 01 44,01 44 58,44 58 cet
kilobyte,manpage fix being,fix being interpreted,being interpreted as,interpreted as a,as a troff
supertester00,gas commit 12,commit 12 31,12 31 2019,31 2019 19,2019 19 44
galaxywormhole,gas commit 12,commit 12 31,12 31 2019,31 2019 19,2019 19 45
ramenfud,i have no,have no idea,no idea what,idea what i,what i m
wendychiang,refactor serialier return,serialier return empty,return empty data,empty data for,data for empty
AlaaMoussawi,adding notebook for,notebook for getting,for getting intraday,getting intraday minute,intraday minute data
HenrikBengtsson,node status updates,status updates qstat,updates qstat f,qstat f qs,f qs ue
min-game,wed jan 1,jan 1 08,1 08 45,08 45 01,45 01 cst
aaronpk,logs as of,as of wed,of wed jan,wed jan 1,jan 1 00
mococowboy,improved generation of,generation of months,of months and,months and added,and added some
jjn1056,docs updates and,updates and more,and more details,more details on,details on object
jonarbo,dalma load updated,load updated on,updated on wed,on wed jan,wed jan 1
snoopycrimecop,omero plugins push,plugins push 148,merge master dorg,master dorg ssuccess,dorg ssuccess only
Helmasaur,readme update typographic,update typographic corrections,typographic corrections totals,corrections totals of,totals of messages
HomoEfficio,create git 여러,git 여러 commit의,여러 commit의 author를,commit의 author를 바꾸는,author를 바꾸는 방법
enosysau,wed jan 1,jan 1 11,1 11 45,11 45 06,45 06 aedt
jpace121,undo domain forwarding,domain forwarding i,forwarding i ll,i ll do,ll do some
lesv,google api client,chore deps update,deps update dependency,update dependency com,dependency com google
brookcui,google 130 surrounded,130 surrounded regions,surrounded regions golang,regions golang https,golang https leetcode
Dimbreath-Server,cn 19 12,19 12 28,12 28 08,28 08 02,08 02 55
Conatrad,rock paper scissors,paper scissors game,scissors game in,game in browser,in browser console
Frontear,change the contract,the contract of,contract of iminecraftmod,of iminecraftmod i,iminecraftmod i don
motikan2010-bot,auto update 2020,update 2020 01,2020 01 01,01 01 09,01 09 45
dotnet-maestro[bot],microsoft dotnet wpf,dotnet wpf dnceng,5 0 0,0 0 alpha,0 alpha 1
anouarbensaad,add places and,places and state,and state of,state of tunisia,of tunisia sort
h1-the-swan,class autoreviewanalysis to,autoreviewanalysis to help,to help analyze,help analyze results,analyze results and
obiyankenobi,fix stratum invalid,stratum invalid log,invalid log format,log format was,format was causing
jick155,fix aoi and,aoi and add,and add some,add some commit,some commit creat
renovate-bot,google api client,chore deps update,deps update dependency,update dependency com,dependency com google
ben0bi,show project from,project from deckel,from deckel in,deckel in vti,in vti main
newstools,created text for,text for url,for url nationaldailyng,url nationaldailyng com,nationaldailyng com europa
n15g,update newsman ts,newsman ts 67,ts 67 updated,67 updated female,updated female badge
MarcLignarius,add code to,code to make,to make input,make input field,input field clear
Deadpikle,show transparent color,transparent color with,color with border,with border and,border and strike
mapr-devops,hadoop 10146 workaround,10146 workaround jdk7,workaround jdk7 process,jdk7 process fd,process fd close
laiyenju,https github com,github com rack,com rack rack,2 0 7,2 0 8
mateo4martinez,looks good so,good so far,so far quickly,far quickly defaulted,quickly defaulted the
neilprado,modificando relacionamento para,relacionamento para n,para n n,n n com,n com classe
gliwka,https github com,github com jacoco,com jacoco jacoco,jacoco maven plugin,from 0 8
creativetorch,update html5 video,html5 video element,video element onpage,element onpage buffering,onpage buffering tracks
muppet9010,add remove groups,remove groups with,groups with settings,with settings change,settings change default
jz0001,started rendering search,rendering search results,search results in,results in semantic,in semantic cards
cfk-scraper,4 outage s,outage s added,s added with,added with 4,with 4 customers
cmikstas,added handlebars pages,handlebars pages for,pages for required,for required webpages,required webpages added
SDESkowronski,qa scripts 25,scripts 25 the,25 the intention,the intention here,intention here is
Fredo182,cleanup model constructors,model constructors and,constructors and fixed,and fixed typo,fixed typo in
itzamnamx,adding a better,a better way,better way to,way to manage,to manage fineract
NurKeinNeid,revert msm8998 common,msm8998 common overlay,common overlay set,overlay set shift,set shift interval
RazielSystems,pdn mx s1,mx s1 declaraciones,s1 declaraciones inicial,declaraciones inicial 2,inicial 2 0
lboyd93,add info for,info for prospective,for prospective esri,prospective esri staff,esri staff contributors
laftho,subscription confirmation profile,confirmation profile active,profile active subscriptions,active subscriptions canncellation,subscriptions canncellation wip
pakeji,commit january 01,january 01 2020,01 2020 00,2020 00 46,00 46 06
bensaufley,update codeclimate coverage,codeclimate coverage reporter,coverage reporter try,reporter try parallel,try parallel tests
wmay,add 2019 2nd,2019 2nd quarter,2nd quarter wfml,quarter wfml flags,wfml flags closes
915fonzie,added id to,id to search,to search method,search method in,method in nasa
Thomasdezeeuw,add tests for,tests for the,for the registration,the registration process,registration process check
y-yagi,https github com,github com definitelytyped,com definitelytyped definitelytyped,types node from,node from 12
SharkFinPro,update spacing single,spacing single tab,single tab double,tab double tab,double tab spacing
phiggins,add spellcheck task,spellcheck task for,task for api,for api docs,api docs signed
robertlong,don t use,t use the,use the creator,the creator attribution,creator attribution if
ardnew,rename version class,version class to,class to prevent,to prevent name,prevent name conflicts
mariiapecherytsia1,reset and start,and start new,start new project,new project type,project type npm
ejelome,replace theme with,theme with homepage,with homepage added,homepage added sphinx,added sphinx powered
signcla-test-signed-indiv,new pr to,pr to test,to test signcla,test signcla at,signcla at 2019
quantum9Innovation,i knew you,knew you wouldn,you wouldn t,wouldn t believe,t believe it
weich97,finish running cases,running cases using,cases using limiters,using limiters for,limiters for the
sbxlmdsl,revert corrected a,corrected a bug,a bug for,bug for finding,for finding words
brandon242400,https github com,github com wycats,com wycats handlebars,wycats handlebars js,from 4 1
gecko-dev-updater,bug 409974 addresses,409974 addresses in,addresses in autocomplete,in autocomplete list,autocomplete list hard
cgschu1tz,plugins were a,were a giant,a giant waste,giant waste of,waste of time
jackzhang7,edited introductory post,introductory post and,post and added,and added new,added new post
AngelFQC,lti allow multiple,allow multiple lineitems,multiple lineitems for,lineitems for tool,for tool link
gilbert-p,add files via,files via upload,via upload implemented,upload implemented quicksort,implemented quicksort it
Beanow,publishing to gh,to gh pages,gh pages wed,pages wed jan,wed jan 1
dan0x09,update adapters to,adapters to use,to use native,use native class,native class syntax
pxpeterxu,add mocks for,mocks for request,for request promise,request promise native,promise native by
jeffkowalski,add rubocop yml,rubocop yml and,yml and address,and address rubocop,address rubocop issues
gentoo-repo-qa-bot,app backup amanda,backup amanda disable,amanda disable sandbox,disable sandbox violating,sandbox violating configure
adityamaddala,set up ci,up ci with,ci with azure,with azure pipelines,azure pipelines skip
gsalaz98,add test cases,test cases for,cases for null,for null lastupdatetime,null lastupdatetime and
clangen,allow for transcoder,for transcoder format,transcoder format selection,format selection in,selection in musikdroid
TheUncleKai,feat create framework,create framework move,framework move bit,move bit stuff,bit stuff to
PDanielY,added login capability,login capability added,capability added the,added the option,the option to
YehonatanHen,merge pull request,pull request 13,request 13 from,13 from yehonatanhen,from yehonatanhen yonatan
maelle,deploy from travis,from travis build,travis build 9319,build 9319 ci,9319 ci skip
jgallagher59701,edit to the,to the drmpp_module,the drmpp_module tests,drmpp_module tests makefile,tests makefile am
bmwiedemann,update 000release packages,000release packages to,packages to rev,to rev 377,rev 377 https
OPSTestProduction,create a file,a file xref,file xref prod,xref prod xrefmap_testbranch_master,prod xrefmap_testbranch_master yml
fargusplumdoodle,log_analytics retrieves information,retrieves information on,information on each,on each client,each client and
bob-beck,when all cells,all cells in,cells in a,in a tbl,a tbl 1
geekwise-korey-nichols,bugfix changed max,changed max length,max length for,length for location_name,for location_name and
hww1996,bug fixed bug,fixed bug fixed,添加新的member change的方法 43,change的方法 43 修复使用旧conf的bug,43 修复使用旧conf的bug bug
Trinsdar,mostly recipe stuff,recipe stuff for,stuff for ic2c,for ic2c end,ic2c end game
vshcherbyna,igel 2 2,2 2 1,tc all 10,all 10 0,10 0 1
lorengordon,rename packages in,packages in travis,in travis to,travis to cloudtrail,to cloudtrail from
fxnoob,whatsapp web cli,web cli radhey,cli radhey radhey,radhey radhey and,radhey and new
joshcoales,fixing datetime checking,datetime checking download,checking download link,download link checking,link checking and
lowjunen,found and fixed,and fixed an,fixed an issue,an issue with,issue with how
Paul-Davis,added code to,code to ignore,to ignore annotations,ignore annotations not,annotations not connected
huahaiy,deployed 779fd04 with,779fd04 with mkdocs,with mkdocs version,mkdocs version 1,version 1 0
iwilliamson,c64_cass xml update,xml update bmxracersa3,update bmxracersa3 actually,bmxracersa3 actually this,actually this contains
dotDecay,build recipe build,recipe build recipe,build recipe add,recipe add rezept,add rezept hinzufügen
jobhimain,gas commit 12,commit 12 31,12 31 2019,31 2019 19,2019 19 47
RohitGarudadri,add status page,status page text,page text constants,text constants 778,constants 778 add
rjleveque,added tests particles,tests particles to,particles to test,to test one,test one stationary
kmorgan8588,updates post route,post route to,route to accept,to accept a,accept a listing
ivanisinvesting,1 1 2020,1 2020 8,2020 8 45,8 45 23,45 23 am
dmontigny,working on web,on web scraping,web scraping real,scraping real estate,real estate completed
lihkg-boy,update 1804377 json,1804377 json 2020,json 2020 01,2020 01 01t00,01 01t00 47
closedsum,wip updating naming,updating naming for,naming for data,for data related,data related items
andrewtdinh,install env cmd,env cmd to,cmd to use,to use gatsby,use gatsby playground
tailaiw,added unit tests,unit tests for,tests for train,for train test,train test split
certik,publishing site on,site on 2020,on 2020 01,2020 01 01,01 01 00
loreina,https github com,github com jaredpalmer,com jaredpalmer formik,formik from 1,from 1 4
ZhongGuiyong,add delete function,delete function for,function for delete,for delete the,delete the article
sramsay,added some more,some more information,more information to,information to the,to the forecast
JRWong1,retrieved calendar events,calendar events as,events as array,as array of,array of time
uqs,document osversion 1300072,osversion 1300072 git,1300072 git svn,git svn id,svn id svn
steveneale,coverage config file,add coverage config,config file added,file added the,added the option
mannycortez,added who to,who to follow,to follow in,follow in back,in back end
fnando,browser bot matchers,browser bot keywordmatcher,browser bot emptyuseragentmatcher,bot matchers delete,matchers delete browser
aavegmit,implemented tracking of,tracking of bounding,of bounding boxes,bounding boxes along,boxes along various
xLightling,added subtle shading,subtle shading to,shading to item,to item drops,item drops and
enigio-timebeat,tb 2020 01,2020 01 01,01 01 00,01 00 48,00 48 02
m5x,added linux surface,linux surface patches,surface patches for,patches for kernel,for kernel 5
dependabot-preview[bot],https github com,github com definitelytyped,com definitelytyped definitelytyped,types node from,node from 12
AstroWedge,add exceptions to,exceptions to be,to be used,be used in,used in main
jacob1,fix wild child,wild child getting,child getting notification,getting notification every,notification every night
nicolas15000,4 payer le,payer le moins,possible en fonction,en fonction d,fonction d un
yoshi-automation,updated google cloud,google cloud firestore,cloud firestore changelog,firestore changelog md,changelog md ci
zepumph,move jump alerts,jump alerts to,alerts to ruler,to ruler describer,ruler describer add
bczhc,颜色选择器 手动输入颜色十六进制 add,手动输入颜色十六进制 add gitignore,add gitignore file,gitignore file modify,file modify app
tthings,revert update terraria,update terraria windows,terraria windows md,windows md this,md this reverts
Mydesire,1 update androidsupport,update androidsupport add,androidsupport add recyclerview,add recyclerview add,recyclerview add update
nwtgck,update update vue,update vue cli,vue cli ooo,cli ooo from,ooo from 4
ManlyMarco,added modified mcs,modified mcs that,mcs that ignores,that ignores access,ignores access modifiers
mostaphaRoudsari,update for the,for the latest,the latest release,latest release jan,release jan 1
fate0,wed jan 1,jan 1 08,1 08 48,08 48 28,48 28 cst
MelbourneDeveloper,rename a project,a project and,project and decouple,and decouple from,decouple from polly
ran-dall,5 0 3,update yate from,yate from 5,from 5 0,0 3 2
ccbogel,working on manual,on manual transcription,manual transcription functionality,transcription functionality for,functionality for av
TokaMohsen,connect add asset,add asset with,asset with home,with home and,home and marketplace
kalicki2k,4 3 3,4 4 4,https github com,github com silverstripe,com silverstripe silverstripe
46bit,build docker containers,yml is triggered,is triggered when,triggered when a,docker containers in
allinoneapps,cron update 1,update 1 1,1 1 20,1 20 12,20 12 48
yanonono,updated at 2020,at 2020 01,2020 01 01,01 01 00,01 00 48
CheeseInTheDark,gun power is,power is no,is no adjustable,no adjustable by,adjustable by the
workout-contribution,updated format2 0,format2 0 2,0 2 0,2 0 happy,0 happy new
b946c5a0bf547c89,site updated 2020,updated 2020 01,2020 01 01,01 01 08,01 08 48
LakshBhambhani,basic setup but,setup but switching,but switching to,switching to quadruped,to quadruped cuz
Oquendooo,adding blog a,blog a tag,a tag to,tag to the,to the site
RameshNikhil,changed custom shape,custom shape to,shape to btn,to btn fix,btn fix double
cocahack,feat 2019년 12월,2019년 12월 31일,12월 31일 ps,31일 ps geeksforgeeks,ps geeksforgeeks detect
AJInddev,ranveer tracker updates,tracker updates 2020,updates 2020 01,2020 01 01,01 01 12
systemovich,chore create blog,create blog skeleton,blog skeleton with,skeleton with gridsome,with gridsome the
gfodor,added hubs cloud,hubs cloud look,cloud look and,look and feel,and feel doc
mcatanzariti,full support for,support for datamemberattribute,for datamemberattribute and,datamemberattribute and datacontractattribute,and datacontractattribute opt
compnerd,windows move swift,move swift options,swift options upto,options upto the,upto the pipeline
freearhey,update gr m3u,gr m3u updated,m3u updated channel,updated channel name,channel name fixed
grdud,adding a change,a change to,change to conflict,to conflict with,conflict with user
BoboTiG,fix link to,link to requests,to requests threads,requests threads on,threads on community
aisflat439,https github com,github com wycats,com wycats handlebars,wycats handlebars js,from 4 1
DFortun81,fixed some bugs,some bugs with,bugs with the,with the soft,the soft reserve
JumHorn,reconstruct a 2,a 2 row,2 row binary,row binary matrix,binary matrix beats
OmarDarioMelendrez,agregando imagenes para,imagenes para la,para la pagina,la pagina de,pagina de github
solarfluxx,other 1 1,1 1 added,1 added remove,added remove button,remove button to
elijahc,added box_index and,box_index and started,and started fleshing,started fleshing out,fleshing out cli
MarcelWaldvogel,newly timestamped commits,timestamped commits up,commits up to,up to 2020,to 2020 01
mathigatti,testing algorithm modifications,algorithm modifications and,modifications and adding,and adding color,adding color based
willdickson,worked on read,on read write,read write methods,write methods for,methods for serialport_t
andyblackwell,2020 01 01,01 01 12,01 12 49,12 49 am,49 am facebook
mhandipranata,the analysis result,analysis result images,result images have,images have been,have been added
jxs,fix typo in,typo in dir,in dir names,dir names embeded,names embeded embedded
mianos,don t abuse,t abuse the,abuse the server,the server on,server on startup
tcreech,net dpdk depend,dpdk depend on,depend on openssl,on openssl via,openssl via uses
cmsbuild,update data 2020,data 2020 01,2020 01 01,01 01 01,01 01 49
miretskiy,importccl improve handling,improve handling of,handling of transient,of transient errors,transient errors when
edsilv,use enums for,enums for events,for events states,events states and,states and actions
mcrossen,bumped gem version,gem version to,version to 0,to 0 4,0 4 3
deepscanbot,add domains for,domains for all,for all sites,all sites page,sites page 38116
mr-fufu,started work on,work on tiles,on tiles implemented,tiles implemented rule,implemented rule tiles
AspDev34,fixed undefined objects,undefined objects and,objects and the,and the targeting,the targeting issue
tikurahul,add a converter,a converter from,converter from the,from the old,the old format
psathyrella,forecasts pushed on,pushed on tue,on tue dec,tue dec 31,dec 31 16
milenaonmaui,use redirect for,redirect for incorrect,for incorrect meal,incorrect meal id,meal id and
V-ACODER,site updated 2020,updated 2020 01,2020 01 01,01 01 08,01 08 49
locol23,chore deps update,deps update dependency,update dependency typescript,dependency typescript to,typescript to v3
deanrexines,refine unet decaying,unet decaying lr,decaying lr scripts,lr scripts saving,scripts saving model
joenoon,updated at 2020,at 2020 01,2020 01 01t00,01 01t00 50,01t00 50 05z
jazeee,add residuals prop,residuals prop upgrade,prop upgrade babel,upgrade babel and,babel and build
why2lyj,auto commit 2020,commit 2020 01,2020 01 01,01 01 08,01 08 50
ericberman,svn 6899 allow,6899 allow for,allow for null,for null lastactivity,null lastactivity lastlogin
trimstray,add bed signed,bed signed off,signed off by,off by trimstray,by trimstray trimstray
Tearff,build and compile,and compile currently,compile currently nonsensical,currently nonsensical shader,nonsensical shader pairs
photosbyjeremy,the capture folder,capture folder in,new capture directory,capture directory can,directory can create
tph,changed pseg_arr to,pseg_arr to sap_dict,to sap_dict psa,sap_dict psa to,psa to sap
Jose24San,updated the way,the way history,way history tab,history tab is,tab is handling
tmaul,small tweak to,tweak to enable,to enable software,enable software gamma,software gamma in
poshea48,checking if parallax,if parallax fixed,parallax fixed on,fixed on mobile,on mobile added
Nintendroid1,assigned values to,values to fields,to fields in,fields in arrest,in arrest data
calebroseland,upgrade ts 3,ts 3 7,3 7 4,7 4 and,4 and add
edoapra,restrict np for,np for some,for some qas,some qas travis,qas travis skip
kiang,auto update 2020,update 2020 01,2020 01 01,01 01 08,01 08 50
orange451,potentially sped up,sped up parent,up parent changing,parent changing logic,changing logic in
AZaruba,jumping implementation has,implementation has begun,has begun this,begun this commit,this commit encompasses
jton307,set up session,up session flash,session flash message,flash message in,message in helper
centminmod,add optional feature,optional feature policy,feature policy header,policy header support,header support in
xmil9,stretch octave noise,octave noise range,noise range because,range because value,because value are
jschomay,now setlink can,setlink can lookup,can lookup a,lookup a target,a target via
gahgsp,added thrust sound,thrust sound effect,sound effect and,effect and improved,and improved movement
JWulf7,am able to,able to populate,to populate employee,populate employee reimbursement,employee reimbursement table
rentry,https github com,github com wycats,com wycats handlebars,wycats handlebars js,from 4 1
astrosaeed,able to find,to find obj,find obj but,obj but need,but need indexes
deathvango,add buttons to,buttons to send,to send random,send random input,random input signals
luizgustavoob,ajustar consultas jpql,consultas jpql paginadas,jpql paginadas e,paginadas e corrigir,e corrigir validação
infamousjoeg,fix 83 split,83 split domain,split domain local,domain local queries,local queries for
GAierken,added museum id,museum id user,id user id,user id attributes,id attributes for
geekwise-deidra-wallert,update still working,still working on,working on getting,on getting my,getting my clients
Vemahk,menu rework menus,rework menus are,menus are now,are now handled,now handled differently
timcharper,update integration test,integration test to,test to use,to use expungeafterseconds,use expungeafterseconds 0
zhouqiang-cl,update community section,community section and,section and other,and other fixes,other fixes 100
abalabahaha,create tostring functions,tostring functions for,functions for remaining,for remaining classes,remaining classes removes
sahsah1,added user controller,user controller dao,controller dao and,dao and service,and service layers
nathan-alden-sr,fixed contextflag bug,contextflag bug in,bug in dispose,in dispose updated,dispose updated packages
clairedavies,update info for,info for sti,for sti using,sti using iioe,using iioe data
CrazyJ36,toshiba rename install,rename install list,install list toshiba,list toshiba txt,toshiba txt for
cdmihai,log global properties,global properties in,properties in cache,in cache miss,cache miss error
sildur,add required option,required option in,option in mod_rewrite,in mod_rewrite section,mod_rewrite section adding
haibchen,miscallenous minor updates,minor updates since,updates since the,since the intial,the intial version
lamaks,report test runs,test runs in,runs in health,in health api,health api 442
Tegon-McCloud,cleanup of chess,of chess class,chess class and,class and minor,and minor fixes
mattdeitke,fix brokenpipeerror caused,brokenpipeerror caused by,caused by ffmpeg,by ffmpeg writing,ffmpeg writing to
ka9cql,txlog changed node,changed node detection,node detection threshold,detection threshold based,threshold based upon
fukuchi,added resource template,resource template column,template column and,column and sort,and sort selector
csamak,add local bin,local bin to,bin to path,to path so,path so hoogle
brentsimmons,write two posts,two posts one,posts one for,one for new,for new public
wbrunette,added section on,section on setting,on setting up,setting up sync,up sync endpoint
JakeMartin99,my project python,project python file,python file this,file this program,this program simulates
SapeleD3,add create notification,create notification for,notification for post,for post and,post and topic
rurban,dynapi remove unknown,remove unknown tests,unknown tests as,tests as the,as the obj
hokage22,editing readme just,readme just adding,just adding in,adding in an,in an intro
leonardofaria,https github com,github com webpack,com webpack webpack,webpack from 4,from 4 41
fernandohernandezpaz,cambiando eje de,eje de graficacion,de graficacion para,graficacion para grafico,para grafico por
Luzifer,fix totaltransportedweight seems,totaltransportedweight seems to,seems to be,to be float,be float signed
ekoontz,je wrap in,wrap in vector,in vector as,vector as it,as it should
starpit,feat plugins plugin,plugins plugin kubeui,plugin kubeui kubectl,kubeui kubectl top,kubectl top support
SantiniGH,planning pass st_bounds_decider,pass st_bounds_decider s,st_bounds_decider s mappings,s mappings to,mappings to next
slysherz,structural upgrades make,upgrades make it,make it easier,it easier to,easier to add
jerome-wilson-developer,added git pages,git pages and,pages and netlify,and netlify web,netlify web links
albertgoncalves,path only for,only for linux,for linux for,linux for now,for now anyways
chehefen,allow certificate generation,certificate generation bits,generation bits to,bits to be,to be configured
smccree,project updates 31,updates 31 december,31 december working,december working on,working on dialogue
joeytakeda,deploy projectendings staticsearchsite,projectendings staticsearchsite to,staticsearchsite to github,to github com,github com projectendings
samuraitruong,update data file,data file at,file at 2020,at 2020 01,2020 01 01t00
minond,entry controller does,controller does not,does not depend,not depend on,depend on timezone
UdjinM6,wed jan 1,jan 1 00,1 00 48,00 48 24,48 24 utc
brayden-marshall,went through entire,through entire vimrc,entire vimrc and,vimrc and tweaked,and tweaked settings
MLSandoval,solved the issue,the issue of,issue of rendering,of rendering a,rendering a new
nprindle,add mapping in,mapping in nix,in nix files,nix files to,files to insert
t9md,fix a function,a function commands,function commands for,commands for js,for js using
ealfvin-dev,responsive header sizes,header sizes for,sizes for mobile,for mobile responsive,mobile responsive orbit
vade,use gt for,gt for strip,for strip logic,strip logic fixes,logic fixes multiple
Soup-de-Loop,last travis error,travis error missed,error missed a,missed a double,a double space
qronix,refactored login form,login form to,form to register,to register and,register and login
mokumus,happy new year,new year commit,year commit also,commit also aco,also aco tests
netxeye,happy new year,new year 2020,year 2020 i,2020 i did,i did it
MatthewZMD,use document documentelement,document documentelement clientheight,documentelement clientheight to,clientheight to scroll,to scroll page
jaspenlind,chore move chord,move chord finder,chord finder result,finder result to,result to separate
mozilla-pontoon,pontoon update norwegian,update norwegian bokmål,norwegian bokmål nb,bokmål nb no,nb no localization
serik1987,added loading metadata,loading metadata from,metadata from the,from the manifest,the manifest file
Amplifiyer,fix aws amplify,aws amplify auth,amplify auth 3855,auth 3855 add,3855 add identitypoolregion
Sean-Der,add peerconnectionfunctionalitytest exchangemedia,peerconnectionfunctionalitytest exchangemedia create,exchangemedia create two,create two peerconnections,two peerconnections and
alextremp,task lgtm add,lgtm add static,add static code,static code analyzer,code analyzer badge
balaceb,server management of,improved server management,management of gallery,of gallery pics,gallery pics added
noahfranco,site is mobile,is mobile responsive,mobile responsive and,responsive and looks,and looks good
devinhalladay,fix issues get,issues get user,get user auth,user auth part,auth part 1
LesLiu94,added domain objects,domain objects enums,objects enums and,enums and a,and a composite
osrsbox,updated monster database,monster database push,database push pypi,push pypi version,pypi version 1
Ocean-ey,update code description,code description code,description code no,code no longer,no longer requires
signcla-test-signed-corp,new pr to,pr to test,to test signcla,test signcla at,signcla at 2019
davidbyoung,changed composer to,composer to prefer,to prefer stable,prefer stable packages,stable packages which
dae,drop isort req,isort req completely,req completely to,completely to work,to work around
backup53,2020 01 01t00,01 01t00 52,01t00 52 00,52 00 00,00 00 skip
ItsDeltin,fixed calling variables,calling variables in,variables in indexed,in indexed variables,indexed variables as
Zackamo,created first map,first map temp,map temp art,temp art first,art first map
terrypacker,add role vs,role vs rolevo,vs rolevo concept,rolevo concept and,concept and write
alanfx,robot triggering ci,triggering ci on,ci on branch,on branch release,branch release next
ymatuhin,source changes for,changes for v2,for v2 0,v2 0 2,0 2 rewrote
DCGroothuizenDijkema,changed recursion rules,recursion rules to,rules to avoid,to avoid generating,avoid generating a
jerryfishzz,user behavior state,behavior state modification,state modification feat,modification feat rename,feat rename userbehavior
KosukeSaigusa,rebuilding site wed,site wed jan,wed jan 1,jan 1 09,1 09 52
Shizcow,another slight performance,slight performance boost,performance boost in,boost in term,in term switching
nteetor,add name of,name of package,of package being,package being documented,being documented to
gforney,soure rename directories,rename directories containing,directories containing glut,containing glut header,glut header files
JavierCollipal,typescript changes works,changes works its,works its time,its time to,time to study
aclayton,added jshint removed,jshint removed all,removed all current,all current page,current page refernces
m6ram,2019 12 31,12 31 h0p3,31 h0p3 wiki,h0p3 wiki index,wiki index html
fmartin-linagora,add application layout,application layout documentation,layout documentation file,documentation file this,file this doc
riccardocalligaro,tested project in,project in ios,in ios environment,ios environment added,environment added swift
andrelllb,date modified from,modified from 2019,from 2019 12,2019 12 30,12 30 to
rossica,reformat code to,code to have,to have consistent,have consistent style,consistent style across
azayati,implement connections requests,connections requests list,requests list with,list with accept,with accept and
wasabii,changed to ref,to ref struct,ref struct which,struct which seems,which seems doable
eoli3n,try fish command,fish command in,command in front,in front of,front of instead
ntalbs,revert darkmode every,darkmode every page,every page flickering,page flickering when,flickering when loading
THGABS,update zh_cn lang,zh_cn lang new,lang new translation,new translation from,translation from chinese
zairazu,date modified from,modified from 2019,from 2019 12,2019 12 30,12 30 to
jenkins-x-bot,2 0 1094,chore deps bump,deps bump https,bump https github,https github com
tommcdon,hide jit helper,jit helper frames,helper frames in,frames in dac,in dac stackwalker
angelruizdev,revert working in,working in design,in design of,design of color,of color background
Dr2n,modal style in,style in line,in line with,line with rest,with rest of
PaulDuanGitHub,site updated 2019,updated 2019 12,2019 12 31,12 31 19,31 19 53
kraj,rwmem update to,update to latest,to latest to,latest to include,to include stdexcept
michael-doll,merge branch jack,branch jack of,jack of https,of https github,https github com
KingLemming,fix item deletion,item deletion issue,deletion issue fix,issue fix oversized,fix oversized itemstacks
Selfedelics,selfedelics com gitsync,com gitsync automatic,gitsync automatic commit,automatic commit from,commit from selfedelics
tarlepp,refactor removed obsolete,removed obsolete prefix,obsolete prefix on,prefix on action,on action type
talenfisher,fix analyzer exception,analyzer exception microsoft,exception microsoft codeanalysis,microsoft codeanalysis analyzers,codeanalysis analyzers appears
zee85,integrate ngrx data,ngrx data into,data into ads,into ads and,ads and replace
ikostan,update readme md,readme md no,md no undefined,no undefined references,undefined references found
ChrisSchreiber,update cert issuer,cert issuer module,issuer module to,module to work,to work with
yvt,swrast fix panicking,fix panicking with,panicking with zero,with zero area,zero area elements
xfmeng17,feat cpp 4,cpp 4 review,4 review median,review median sorted,median sorted arrays
RaboliotLeGris,fractal first version,first version of,version of zoom,of zoom that,zoom that almost
nhloder,small change to,change to sweet,to sweet alert,sweet alert in,alert in header
hellenxu,news of as,of as a,as a bit,a bit wrap,bit wrap up
smitpatel,throw if identifying,if identifying foreign,identifying foreign key,foreign key is,key is still
FireLemons,added ability to,ability to fill,to fill input,fill input with,input with abbreviation
highperformancecoder,variable s type,variablevalue s type,throw exception if,exception if variable,if variable s
gtritchie,remove unnecessary type,unnecessary type text,cleanup static html,static html for,html for accessibility
santorregroza,fixed several issues,several issues with,issues with the,with the projects,the projects page
pcubillos,implemented pm open,pm open function,open function to,function to open,to open pdf
devinbreise,fine tunned red,tunned red autonomous,red autonomous to,autonomous to almost,to almost work
AutonomousOrganization,goin now switches,now switches to,switches to priorities,to priorities if,priorities if any
peterbarker,autotest add test,add test for,test for accelerometer,for accelerometer pose,accelerometer pose calibration
lunny,fix for a,for a wrong,a wrong url,wrong url in,url in activity
gerases,add ability to,ability to run,to run rspec,run rspec on,rspec on specific
LambdAurora,construction wip of,wip of chording,of chording and,chording and next,and next release
dwighthubbard,merge pull request,pull request 16,request 16 from,16 from yahoo,from yahoo ci_cleanups
shawngway,merge pull request,pull request 33,request 33 from,33 from johncdev,from johncdev shawn2
JMtorii,fix localized strings,localized strings and,strings and create,and create the,create the add
mobile-bungalow,mobile replies 87,replies 87 mobile,87 mobile replies,mobile replies but,replies but really
shcheklein,prettify ts and,ts and tsx,and tsx according,tsx according to,according to the
signcla-test-unsigned,new pr to,pr to test,to test signcla,test signcla at,signcla at 2019
NyntoFive,style login out,login out signup,out signup forms,signup forms navbar,forms navbar fix
RobertCochran,sub udon for,udon for sora,for sora in,sora in 12,in 12 31
adacosta,update models md,models md fix,md fix typos,fix typos and,typos and improve
ppedrot,adapt w r,w r t,r t coq,t coq coq,coq coq 11338
kazeemOnis,feature add onboarding,add onboarding page,onboarding page added,page added onboarding,added onboarding page
youssef-md,configure eslint and,eslint and prettier,and prettier to,prettier to automate,to automate styleguide
Zrondos,create xcode_and_github md,xcode_and_github md here,md here is,here is my,is my tutorial
CorneliaKelinske,working on the,on the saddle_points,the saddle_points exercise,saddle_points exercise just,exercise just trying
bparli,update tokio 4,tokio 4 update,4 update tokio,update tokio async,tokio async fix
tonychen257,site updated 2020,updated 2020 01,2020 01 01,01 01 08,01 08 54
rickmarry,fix endtime bug,endtime bug that,bug that causes,that causes the,causes the entire
ivanacostarubio,tue dec 31,dec 31 18,31 18 55,18 55 01,55 01 cst
mattmazzola,chore release publish,release publish v0,publish v0 501,v0 501 14,501 14 skip
spring-buildmaster,sync docs from,docs from master,from master to,master to gh,to gh pages
exxonvaldez,when computing end,computing end to,end to end,to end trip,end trip times
alvarogonzalezferrer,info aceites 2019,aceites 2019 mucha,2019 mucha informacion,mucha informacion sobre,informacion sobre aceites
bradicalone,merge pull request,pull request 16,request 16 from,16 from bradicalone,from bradicalone master
rupurt,disable async tests,async tests for,tests for events,for events logger,events logger tai
shredofpiece,reimplementing debug level,debug level including,level including smaller,including smaller ones,smaller ones and
cb-robot,2 8 0,couchbase lite android,lite android 2,android 2 8,8 0 build
Anthony-Mattson,added the project,the project url,project url to,url to the,to the readme
la60312,add output dir,output dir support,dir support user,support user is,user is able
nilp0inter,entity base class,base class thread,class thread and,thread and queue,and queue logic
EasyThe,first 2020 commit,2020 commit lul,commit lul wip,lul wip worked,wip worked on
Sweeper777,tried to fixed,to fixed a,fixed a draw,a draw method,draw method from
davecthomas,finalized testing and,testing and committed,and committed import_experts,committed import_experts to,import_experts to firestore
DevMata,recycle add engines,add engines required,engines required in,required in package,in package json
NatalieTapias,letters collection takes,collection takes in,takes in an,in an array,an array of
Delfio,correções nos index,nos index e,index e novas,e novas tabelas,novas tabelas e
ltabis,zap transformed the,transformed the logger,the logger object,logger object into,object into a
neonexe,update and rename,and rename auto,rename auto data,auto data test,data test sheet1
imcoddy,update gitbook by,gitbook by travisci,by travisci with,travisci with build,with build 112
orionstudt,existing tests now,tests now passing,now passing proxyfactory,passing proxyfactory resolving,proxyfactory resolving extension
CarlLazarus,add branch text,branch text test,text test branching,test branching using,branching using readme
connorhw,trying to add,to add route,add route to,route to specfic,to specfic folders
sdetAutomation,update link to,link to sdetautomation,to sdetautomation and,sdetautomation and update,and update test
donmccaughey,c evo x,to c evo,change c evo,c evo to,evo to c
unitycoder,esc key to,key to activate,to activate recent,activate recent grid,recent grid if
Sixtomaster,las listas compartidas,add files via,files via upload,via upload esta,upload esta es
dhrumpy,collecting the data,the data pertaining,data pertaining to,pertaining to the,to the keyword
jerryhong1,polish for public,for public view,public view add,view add real,add real explanations
traefiker,fix command for,command for use,for use websecure,use websecure via,websecure via cli
harshPPatel,day 02 js,02 js and,js and css,and css clock,css clock completed
ckbball,added catalog service,catalog service address,service address to,address to checkout,to checkout method
anthonypetre,add a deployment,a deployment stage,deployment stage to,stage to the,to the pipeline
sibanez12,updated nn inference,nn inference app,inference app and,app and test,and test to
graebm,log tests use,tests use random,use random filenames,random filenames to,filenames to avoid
ctrl-i,updating the flight,the flight data,flight data for,data for 2020,for 2020 01
elbaro,update generate sh,generate sh absolute,sh absolute path,absolute path for,path for aspects_dir
bumplzz69,samples sqlservices package,fix samples sqlservices,sqlservices package json,package json samples,json samples sqlservices
damng,2019 12 31,12 31 19,31 19 56,19 56 19,56 19 835914
jmchilton,merge pull request,pull request 8813,request 8813 from,8813 from nerdinacan,from nerdinacan current_user_store
husen1003,added table search,table search admin,search admin profile,admin profile and,profile and issue
lzg0015,site updated 2020,updated 2020 01,2020 01 01,01 01 08,01 08 56
Zevest,fixed issue and,issue and added,and added test,added test fixed,test fixed missing
matrayu,updated all route,all route code,route code to,code to be,to be more
Panzerhandschuh,full parse of,parse of coli,of coli file,coli file to,file to data
wmfgerrit,revert block search,block search api,search api traffic,api traffic from,traffic from one
adithwip,initial creation of,creation of layout,of layout component,layout component and,component and change
kammitama5,update 2019 12,2019 12 31,12 31 tuesday,31 tuesday december,tuesday december 31st
LilyWonhalf,fixed a couple,a couple bugs,couple bugs with,bugs with the,with the new
mjhughesio,began building out,building out html,out html templates,html templates and,templates and hooked
wtchnm,chore set git,set git s,git s core,s core ignorecase,core ignorecase to
JayDi85,images fixed wrong,fixed wrong images,wrong images download,images download for,download for 6ed
zooduck,use daylight hours,daylight hours to,hours to get,to get average,get average rating
georgealan,inicio do desafio,do desafio final,desafio final da,final da semana,da semana 6
DerekShig,added tilt effect,tilt effect to,effect to about,to about me,about me image
hunter-heidenreich,add more counts,more counts and,counts and hashing,and hashing of,hashing of bills
zenspider,class new w,first pass reworking,pass reworking libraryevalcontext,reworking libraryevalcontext this,libraryevalcontext this takes
Alevsk,kes fixes fix,fixes fix duplicated,fix duplicated volume,duplicated volume names,volume names when
winksaville,add support for,support for csv,for csv header,csv header row,header row track_point
zachhildreth,invalid previous block,previous block hash,removed checking for,checking for invalid,for invalid previous
billziss-gh,build bump version,bump version to,version to 2019,to 2019 3,2019 3 gold
ravelox,added the ability,the ability to,ability to specify,to specify multiple,specify multiple values
b-seite,add hoobs accessory,hoobs accessory configfile,accessory configfile fix,configfile fix json,fix json error
hacamatic,reskin 2nd pass,2nd pass updates,pass updates to,updates to css,to css buttons
Nicklas373,circle ci unified,ci unified test,unified test lto,test lto 2,lto 2 signed
garvankeeley,co authored by,com co authored,uiview ishidden must,ishidden must be,must be used
karnkaul,wip add _glibcxx_debug,add _glibcxx_debug for,_glibcxx_debug for linux,for linux debug,linux debug builds
bpander,prevents a nav,a nav mesh,nav mesh link,mesh link from,link from getting
GloriousEggroll,finally fixed to,fixed to compile,to compile properly,compile properly with,properly with proton
li0so,article border i,border i added,i added the,added the border,the border to
mr926,site updated 2020,updated 2020 01,2020 01 01,01 01 00,01 00 57
sfb-git,created random select,random select func,select func for,func for options,for options array
neotsn,remove untouched theme,untouched theme files,theme files to,files to inherit,to inherit from
imikejackson,updating itkimageprocessing submodule,itkimageprocessing submodule signed,submodule signed off,signed off by,off by michael
egconley,data transfer with,transfer with updates,with updates to,updates to hd_dosing,to hd_dosing table
haraldschilly,auto publish 2020,publish 2020 01,2020 01 01,01 01 00,01 00 57
rayjustinhuang,add interim version,interim version of,version of bite,of bite 31,bite 31 matmul
iguessthislldo,add cmake commands,cmake commands to,commands to docs,to docs autobuild,docs autobuild txt
maxbachmann,deploying to gh,to gh pages,gh pages from,pages from gh,from gh pages
tkeffer,changed default unit,default unit labels,unit labels to,labels to something,to something closer
Penguin-Guru,misc and more,and more proper,more proper fixes,proper fixes for,fixes for remote
xuri,add docs for,docs for 3d,for 3d cone,3d cone series,cone series column
mariopineda,deploy to github,to github pages,github pages wed,pages wed jan,wed jan 1
40huo,deployed 9ac280c8e with,9ac280c8e with mkdocs,with mkdocs version,mkdocs version 1,version 1 0
algol60,glyphs cope with,cope with text,with text that,text that is,that is too
knudin,wed jan 1,jan 1 00,1 00 57,00 57 56,57 56 utc
rdmullett,modify file_find to,file_find to find,to find all,find all files,all files from
postal4,wed jan 1,jan 1 00,1 00 57,00 57 59,57 59 utc
PicassoCT,version 0 659,0 659 satellites,659 satellites work,satellites work now,work now and
fk-github-admin,added basic backup,basic backup test,backup test signed,test signed off,signed off by
davidhrbac,mirmon export on,export on wed,on wed 01,wed 01 jan,01 jan 2020
casz,add files and,files and trees,and trees client,trees client 77,client 77 co
kmcgrevey,correct worst_fans_team_id and,worst_fans_team_id and test,and test to,test to return,to return expected
dazuma,use google cloud,google cloud errors,cloud errors instead,errors instead of,instead of google
RSenApps,fix bug where,bug where iterators,where iterators in,iterators in position,in position space
cmcantalupo,christopher m cantalupo,add piping to,piping to delegate,to delegate signals,delegate signals change
RyuTheBoss,added macro for,macro for dynamic,for dynamic double,dynamic double wild,double wild mons
mika-f,fix deps update,deps update emotion,update emotion monorepo,emotion monorepo to,monorepo to v10
BZngr,recognize pre existing,pre existing objectstateudt,existing objectstateudt if,objectstateudt if an,if an existing
korobla,wed jan 1,jan 1 00,1 00 58,00 58 25,58 25 utc
haydenhw,replace aggregation with,aggregation with regualr,with regualr mongo,regualr mongo query,mongo query in
kiennq,update readme removed,readme removed older,removed older news,older news fixed,news fixed a
bbittiker1,update serialize javascript,serialize javascript to,javascript to 2,to 2 1,2 1 1
baiqiushi,add bipartite support,bipartite support for,support for tree,for tree cut,tree cut algorithm
opensuseqa-pusher,firefox help menu,help menu kde,menu kde 20200101,kde 20200101 for,20200101 for opensuse
bizkin,add 2020 lets,2020 lets gogit,lets gogit add,gogit add git,add git add
takelley1,remove second invocation,second invocation of,invocation of urxvt,of urxvt since,urxvt since tmux
jcarpenter11986,change readme md,readme md and,md and add,and add pacman,add pacman conf
kholland4,changed client server,client server mapblock,server mapblock updates,mapblock updates update,updates update readme
jamtot,day 19 involves,19 involves using,involves using an,using an interfaces,an interfaces to
JackZhouVCD,apply clang format,clang format on,format on files,on files in,files in source
nlucas2,this is a,is a test,a test push,test push with,push with 641656
danielfamiyeh,working gui not,gui not amazing,not amazing but,amazing but its,but its there
wolvery,last index in,index in array,in array find,array find the,find the last
romankagan,updated kotlin to,kotlin to 1,to 1 3,1 3 61,3 61 and
mdworken,fixes diaper drive,diaper drive controller,drive controller merge,controller merge conflict,merge conflict resolution
MHuiG,travis ci auto,ci auto builder,auto builder at,builder at 2020,at 2020 01
Benjen,updated default header,default header component,header component to,component to work,to work with
Nebulon-BFrigateFTW,apply search param,search param remembering,param remembering for,remembering for pagination,for pagination fix
mdwgti16,add tomcat servlet,tomcat servlet and,servlet and google,and google search,google search html
bpkbb,fixed a mistake,a mistake bank,mistake bank war,bank war ein,war ein stack
joeholdcroft,org apache struts,apache struts struts2,struts struts2 core,upgrade org apache,struts2 core from
pjt3591oo,common의 injectable 모듈을,injectable 모듈을 생성한,모듈을 생성한 후,생성한 후 테스트,후 테스트 코드와
Jtonna,initilization model development,model development initialization,development initialization model,initialization model development,model development initialized
kilimchoi,remove bloomreach 958,bloomreach 958 remove,958 remove bloomreach,remove bloomreach remove,bloomreach remove bloomreach
jirvingphd,added mysql in,mysql in database,in database py,database py and,py and making_databases
Alppm,site updated 2020,updated 2020 01,2020 01 01,01 01 08,01 08 59
chef-expeditor[bot],bump version to,version to 4,to 4 18,4 18 56,18 56 by
andrewangelle,fix design css,design css make,css make glide,make glide dots,glide dots to
deoxxa,kernel route all,route all loopback,all loopback traffic,loopback traffic through,traffic through the
gazwald,better names for,names for various,for various components,various components updated,components updated ssl
nklayman,add vue cli,vue cli plugin,cli plugin electron,plugin electron builder,electron builder i
koy1619,site updated 2020,updated 2020 01,2020 01 01,01 01 09,01 09 00
andrewliden,isolated error hue,error hue range,hue range works,range works dynamic,works dynamic type
